{
  "Create Booking (POST)" : {
    "transaction" : "Create Booking (POST)",
    "sampleCount" : 6316,
    "errorCount" : 0,
    "errorPct" : 0.0,
    "meanResTime" : 244.26725775807458,
    "medianResTime" : 240.0,
    "minResTime" : 226.0,
    "maxResTime" : 6235.0,
    "pct1ResTime" : 256.0,
    "pct2ResTime" : 263.0,
    "pct3ResTime" : 271.0,
    "throughput" : 21.07848699448008,
    "receivedKBytesPerSec" : 19.40034508888941,
    "sentKBytesPerSec" : 10.20987258336615
  },
  "Partial Update of Booking (PATCH)" : {
    "transaction" : "Partial Update of Booking (PATCH)",
    "sampleCount" : 6292,
    "errorCount" : 33,
    "errorPct" : 0.5244755,
    "meanResTime" : 244.86760966306446,
    "medianResTime" : 241.0,
    "minResTime" : 227.0,
    "maxResTime" : 6241.0,
    "pct1ResTime" : 259.0,
    "pct2ResTime" : 266.0,
    "pct3ResTime" : 274.0,
    "throughput" : 21.131112305212252,
    "receivedKBytesPerSec" : 18.95743753883161,
    "sentKBytesPerSec" : 6.662808868719774
  },
  "Getting booking IDs" : {
    "transaction" : "Getting booking IDs",
    "sampleCount" : 6310,
    "errorCount" : 9,
    "errorPct" : 0.14263074,
    "meanResTime" : 249.71759112519894,
    "medianResTime" : 240.0,
    "minResTime" : 226.0,
    "maxResTime" : 6243.0,
    "pct1ResTime" : 257.0,
    "pct2ResTime" : 265.0,
    "pct3ResTime" : 272.0,
    "throughput" : 21.100432709349064,
    "receivedKBytesPerSec" : 18.8206014657862,
    "sentKBytesPerSec" : 3.4592491100867426
  },
  "Get All Booking" : {
    "transaction" : "Get All Booking",
    "sampleCount" : 6302,
    "errorCount" : 0,
    "errorPct" : 0.0,
    "meanResTime" : 453.00618851158265,
    "medianResTime" : 469.0,
    "minResTime" : 226.0,
    "maxResTime" : 6242.0,
    "pct1ResTime" : 768.0,
    "pct2ResTime" : 791.0,
    "pct3ResTime" : 813.0,
    "throughput" : 21.086373157200885,
    "receivedKBytesPerSec" : 580.9792068707213,
    "sentKBytesPerSec" : 2.841718257513401
  },
  "Debug Sampler" : {
    "transaction" : "Debug Sampler",
    "sampleCount" : 6279,
    "errorCount" : 0,
    "errorPct" : 0.0,
    "meanResTime" : 0.022933588150979473,
    "medianResTime" : 0.0,
    "minResTime" : 0.0,
    "maxResTime" : 2.0,
    "pct1ResTime" : 0.0,
    "pct2ResTime" : 0.0,
    "pct3ResTime" : 1.0,
    "throughput" : 21.147893799110165,
    "receivedKBytesPerSec" : 10.196759834242142,
    "sentKBytesPerSec" : 0.0
  },
  "Total" : {
    "transaction" : "Total",
    "sampleCount" : 50413,
    "errorCount" : 114,
    "errorPct" : 0.22613215,
    "meanResTime" : 273.31497827941104,
    "medianResTime" : 241.0,
    "minResTime" : 0.0,
    "maxResTime" : 6475.0,
    "pct1ResTime" : 478.0,
    "pct2ResTime" : 486.0,
    "pct3ResTime" : 493.0,
    "throughput" : 167.86316020804338,
    "receivedKBytesPerSec" : 695.1779276441204,
    "sentKBytesPerSec" : 44.08726625609346
  },
  "UpdateBooking (PUT)" : {
    "transaction" : "UpdateBooking (PUT)",
    "sampleCount" : 6298,
    "errorCount" : 31,
    "errorPct" : 0.49221975,
    "meanResTime" : 253.5025404890439,
    "medianResTime" : 241.0,
    "minResTime" : 227.0,
    "maxResTime" : 6237.0,
    "pct1ResTime" : 259.0,
    "pct2ResTime" : 267.0,
    "pct3ResTime" : 274.0,
    "throughput" : 21.132738968059297,
    "receivedKBytesPerSec" : 19.0012203680697,
    "sentKBytesPerSec" : 10.336788609275857
  },
  "Create Auth (POST)" : {
    "transaction" : "Create Auth (POST)",
    "sampleCount" : 6329,
    "errorCount" : 1,
    "errorPct" : 0.015800284,
    "meanResTime" : 490.6264812766645,
    "medianResTime" : 480.0,
    "minResTime" : 452.0,
    "maxResTime" : 6475.0,
    "pct1ResTime" : 512.0,
    "pct2ResTime" : 526.0,
    "pct3ResTime" : 541.0,
    "throughput" : 21.074047189350097,
    "receivedKBytesPerSec" : 15.881609338268591,
    "sentKBytesPerSec" : 5.145031052087426
  },
  "Delete Booking (DELETE)" : {
    "transaction" : "Delete Booking (DELETE)",
    "sampleCount" : 6287,
    "errorCount" : 40,
    "errorPct" : 0.6362335,
    "meanResTime" : 248.55861301097488,
    "medianResTime" : 241.0,
    "minResTime" : 226.0,
    "maxResTime" : 6244.0,
    "pct1ResTime" : 258.0,
    "pct2ResTime" : 266.0,
    "pct3ResTime" : 274.0,
    "throughput" : 21.1297190658157,
    "receivedKBytesPerSec" : 15.447429158348541,
    "sentKBytesPerSec" : 5.671911943189723
  }
}